artistName,0
Hallmore,267
Rogue,253
Fairlane,207
Conro,203
Dmitri Shostakovich,196
Deanz,188
Duumu,178
Swif7,172
Haywyre,166
Lost Sky,164
JJD,160
Daxten,152
Time To Talk,151
ellis,149
WRLD,143
Basixx,131
Mindme,130
Scythermane,112
BLAEKER,109
Johann Sebastian Bach,109
Maazel,107
Arlow,102
Half an Orange,101
Grant,101
DEXTER KING,97
Kovan,94
Tape Machines,93
Snareskin,88
Tom Wilson,88
jung jaeil,83
NIGHTCAP,78
Janusz Olejniczak,78
Velveteen,77
CG5,75
Lensko,70
Koven,69
Hallman,67
Glacier,65
Alder,64
STIM,63
Sayfalse,61
Hoaprox,61
Anevo,61
Aeden,61
Zanders,61
Cinema Kid,58
Netrum,55
Disero,54
Axollo,53
Ray,52
Pixel Terror,52
Unknown Brain,48
smle,48
Tails,47
JVKE,47
PLEEG,46
Jex,43
Zerb,43
SABAI,43
Lvly,42
Craig Reever,42
Syn Cole,40
Abandoned,40
Asher Postman,40
Dntless,39
OVSKY,39
Katnip,39
Trivecta,38
Jack Shore,37
DJ Mayson,36
Killrude,36
Stonebank,35
Marino,35
PNL,35
KATSEYE,35
Heuse,34
Mitchel Dae,34
Raccy,33
Ameryh,33
Ruger,33
LOWBORN,32
Azertion,32
inverness,32
Siine,31
Alex Skrindo,31
Razorspade,30
Auvic,30
David Guetta,30
Ella Faye,29
CLNGR,29
Martin Garrix,29
Afinity,29
soupandreas,28
Cartoon,28
MitiS,27
Justin OH,27
Spectrum,27
Rob Gasser,26
Audien,26
$werve,26
Raven & Kreyn,26
Vicetone,25
Jim Yosef,25
Seven Lions,25
Yesable,24
Vicki Vox,24
NF,24
Jmilton,24
Lil Nas X,23
Facading,23
The Weeknd,23
Melly Mike,22
SVRRIC,22
Joya Marleen,21
Kungs,21
Deaf Kev,19
Stromae,18
waykap,18
SLANDER,18
Cleo Kelley,18
Itro,18
HOUSE OF SAY,18
Tate McRae,18
Sam Bruno,18
Pure Indigo,16
Connor Kauffman,16
Terry Zhong,16
Ephixa,15
Taska Black,15
Asketa & Natan Chaim,15
RudyWade,15
Diamond Eyes,15
NAOMI,15
Nakama,15
Zedd,14
D.Meletis,14
Distrion,14
Flux Vortex,14
Savoi,14
MXZI,14
Conditional,14
Ceen,14
Notaker,13
Bad Computer,13
Reyer,13
Squiid,13
Hollywood Principle,13
John Michael Howell,13
LED Monster,13
Fonzi M,13
Diviners,12
Sick Individuals,12
Gilbert Montagné,12
Feint,12
FWLR,12
Summer Was Fun,12
Kadant,12
Lady Gaga,12
Keepsake,12
Gerry Rafferty,11
Aiyo,11
Alex LeMirage,11
Ella Henderson,11
Tokyo Machine,11
Jagsy,11
Insan3lik3,11
RandJess,11
Clarx,11
Near x Far,11
QMIIR,11
Justin Caruso,11
ARTY,11
Velee,11
Larza,11
Radiohead,10
BUNT.,10
Over Easy,10
Axol,10
William Black,10
Eternxlkz,10
Madeon,10
3rd Prototype,10
LOSTWIND,10
Kastra,10
Black Gryph0n,10
2NATURAL,10
Neoni,10
IZECOLD,10
Love Beans,9
Wowkie Da,9
spring gang,9
Kevin Chung,9
Robin Hustin,9
Olivia Rodrigo,9
Britt Lari,9
Far Out,9
Flame Runner,8
Gotye,8
Said The Sky,8
Alex G,8
Vanished,8
dvine,8
GIMS,8
Consolate,8
Doechii,8
Rootkit,8
Rodsyk,8
Henry Moodie,8
Ruzer,8
Elephante,8
Pérotin,8
Pétrole Brut,8
Chris Later,8
Layto,8
AJ Dispirito,8
K-391,8
Autumn Kings,7
shams,7
Dominic Strike,7
sma$her,7
EDDIE,7
Qeeo,7
Aviella,7
Syence,7
OBL1VX,7
Maleek Berry,7
Lupus Nocte,7
Kim Sungsoo,7
LONOWN,7
Seeb,7
Em Beihold,7
LeGrand,6
Loving Caliber,6
Kyle Reynolds,6
kamome sano,6
3LAU,6
LeDorean,6
Tomas Skyldeberg,6
Adam de la Halle,6
Vacancy,6
ANDROMEDA,6
Benson Boone,6
BCMP,6
Guillaume de Machaut,6
Highlnd,6
ISHAN,6
Ogryzek,6
Lunaar,6
Mazare,6
Brandyn Burnette,6
Scotch,6
Falling North,6
Tollef,6
Cougar MacDowall,6
Almost Weekend,6
Wildcrow,6
桜島麻衣(CV:瀬戸麻沙美),6
Anonymous,6
Skybreak,5
Athena,5
Fordo,5
Ebba,5
Djo,5
Andrah,5
d4vd,5
Yb Wasg'ood,5
Traditional,5
Fireboy DML,5
DYGO,5
Rich Edwards,5
Julia Carbajal,5
Bohnes,5
Midranger,5
ALESTI,5
ivycomb,5
Lena Raine,5
NUEKI,5
James Hype,5
Franz Liszt,5
FLOTE,5
TOKYOSLEEP,5
The Night,5
Hartness,5
HHMR,5
Hazbin Hotel,5
LVTHER,4
RAFFFA,4
Rad Cat,4
ROSÉ,4
Part Native,4
H11T,4
Ava Max,4
Repsaj,4
Henry Purcell,4
Level 8,4
Jensation,4
More Plastic,4
Bruno Mars,4
MVSTERIOUS,4
Laback,4
Jeck,4
Frank Zeising,4
TryBetter,4
Stephen Walking,4
Astra,4
The Living Tombstone,4
Eric Clapton,4
Dua Lipa,4
Wind Walkers,4
Alan Walker,4
ehren,4
Aizu,4
Disfigure,4
DESERT STAR,4
Dasha,4
Yetep,4
mavo,4
Coldplay,4
Soar,4
Ryan Prewett,4
BEAUZ,4
Codeko,4
Clément Janequin,4
Empire Fall,4
Starjunk 95,4
Aya Nakamura,4
Park Minjoo,4
Bakar,4
Protostar,4
Mangoo,4
Orlande de Lassus,4
NCTS,4
Aero Chord,3
George Frideric Handel,3
SVDKO,3
Foster The People,3
SVMP,3
Fourth Co.,3
Frank Miami,3
Sionya,3
Savoy,3
TOKYOPHILE,3
TRASHXRL,3
The Waked,3
Throttle,3
Swedish House Mafia,3
Syd Matters,3
Ascence,3
Antonio Vivaldi,3
Duolingo,3
Alex Hagen,3
Aiobahn,3
DEGrande,3
d2s1,3
Werenoi,3
Wande Coal,3
Voninavoko,3
Domenico Scarlatti,3
Vanic,3
Victony,3
DJ Shahzad,3
WiDE AWAKE,3
Daydreamer,3
Anomalie,3
EMIN,3
Nateki,3
Nu Aspect,3
Nick Smith,3
Nick Ledesma,3
INNERVERSE,3
Icehunt,3
Hoober,3
OLWIK,3
Philippe de Vitry,3
Chrissy Costanza,3
Chico Rose,3
Pink South,3
Orbiter,3
Claudio Monteverdi,3
Claude Goudimel,3
Christopher Fitzgerald,3
Romen Jewels,3
Jonth,3
MEDZ,3
Jungeli,3
Mao Ze Dong,3
Brook Xiao,3
Carl Zeer,3
CKay,3
Marian & Sean,3
Maryn,3
Jackson Guthy,3
Léonin,3
Kizz Daniel,3
LOCKBOX,3
just valery,3
ACRAZE,3
ATLXS,2
tofû,2
ZXKAI,2
Yvnnis,2
XXXTENTACION,2
David Win,2
Dasloe,2
Dan Morrissey,2
Dabin,2
DR MØB,2
Klemens Werner,2
Kanine,2
KRNCHY,2
-Prey,2
Wejdene,2
VaporVice,2
VESK GREEN,2
UB40,2
Tut Tut Child,2
Disturbed,2
Travis Scott,2
Liv del Estal,2
Linkin Park,2
Limbo,2
Leony,2
Lennart Schroot,2
LIONE,2
Cooper Hill,2
Coco & Breezy,2
Alex Hobson,2
Tom Gregory,2
Tiakola,2
The Chainsmokers,2
TV Girl,2
TOTO,2
Luke Muzzic,2
Ludovico Einaudi,2
Lucky Lorry,2
Lost Stars,2
Justin Timberlake,2
Josh Bogert,2
Johannes Ockeghem,2
Emmi,2
Ember Island,2
Elektronomia,2
Steve Hartz,2
Stellar,2
Solee,2
Asake,2
Feenixpawl,2
Smaven,2
Slushii,2
Sketchez,2
Sj,2
Jason Robert,2
Jaslyn Edgar,2
BestBud,2
Mahaleo,2
MOLIY,2
Lø Spirit,2
Lux Holm,2
Shadrow,2
Sarz,2
Free Fall,2
Sabrina Carpenter,2
Gracie Abrams,2
Good Kid,2
Gem & Tauri,2
Bishu,2
Caslow,2
Captainsparklez,2
BNXN,2
Axell 4X,2
Axel Oliver,2
Rogers & Dean,2
Richard Caddock,2
HUNTR/X,2
Puppet,2
Primex,2
Hero Named Nerd,2
Chris James,2
Bemax,2
Indila,2
Imagine Dragons,2
Hoang,2
BOSKY,2
BONNIE X CLYDE,2
Mo Falk,2
Midas the Jagaban,2
MayTree,2
Maretu,2
OBLVYN,2
Nomra,2
Neon Tide,2
Neo Noir,2
Nelsvn,2
Naditrice,2
Japhyre,2
Janji,2
skyemane,2
melvitto,2
bxkq,2
Zack Merci,2
ÉWN,2
yung kai,2
yetep,2
k?d,2
ilyhiryu,2
elijah,2
little purr man,2
A7S,2
4URA,2
dwilly,1
4 Non Blondes,1
APEK,1
AR/CO,1
elijah woods,1
h6itam,1
if found,1
joyful,1
Zack Gray,1
Zara Larsson,1
Koven Wei,1
Korede Bello,1
Kirby HateBerry,1
Kehlani,1
KeBlack,1
Kaskade,1
Kadenza,1
KSI,1
KNYY,1
KEPIK,1
スイートバレット,1
Ólafur Apollo,1
DJ易拉罐,1
Womria,1
Wild Cards,1
Wiguez,1
Nomad Spector,1
Noisestorm,1
Noelle Johnson,1
Noah Moon,1
Noah Kahan,1
Nil Martorell,1
Nightsirens,1
Naima,1
NURKO,1
NIVIRO,1
NERO,1
NECROLX,1
Jared Minnix,1
Jamie Nugent,1
Jamie Miller,1
Jakey KRUMM,1
Hikaru Shirosu,1
ONY9RMX,1
ODESZA,1
Mykyl,1
Musical Neurosurgeon,1
Munn,1
Mord Fustang,1
Misutra,1
Milva,1
Miller + Howell,1
Michael Jackson,1
Melano,1
Max Allais,1
Marshmello,1
Burna Boy,1
Nomi XD,1
PEGGY,1
Omah Lay,1
OddKidOut,1
Beboite,1
Batterie Fanfare De La Garde Républicaine,1
Baq5,1
Bankai,1
BadBoyHalo,1
Babyboy AV,1
BRKLYN,1
BOY,1
ILLIT,1
ID,1
Hyuman,1
Hush,1
HuBee,1
Punctual,1
Proppa,1
Heuss L'enfoiré,1
Here At Last,1
Claudia Kelley,1
Cherries & Daydreams,1
Cheat Codes,1
Charles-Marie Widor,1
Porter Robinson,1
Pierre de la Rue,1
Pháo,1
Phonk Killer,1
Pheelz,1
Pete McMurray,1
Paul Garzon,1
Paper Skies,1
Richy Mitch & The Coal Miners,1
Richome,1
Richard Fairlie,1
Red Comet,1
Raude,1
Champion,1
Ceis,1
Hanumankind,1
Hans Zimmer,1
Haasy,1
HYLO,1
HYBS,1
H4RRIS,1
Grant Bowtie,1
ROHY NK,1
R/J,1
C418,1
Jean Sibelius,1
Jay Cosmic,1
Ganja White Night,1
Gamma Skies,1
Gala,1
Rossy,1
Rosendale,1
BLACKPINK,1
Ayra Starr,1
Aye Bay,1
Auðura,1
Roman Nasenmensch,1
Robotaki,1
Robert Schumann,1
Robert Kocinszky,1
Gorillaz,1
Gippeul,1
Gigi Perez,1
Gia Margaret,1
GhostDragon,1
Geek Music,1
Brichapik & Randjess,1
Brennan Wolf,1
Blagoje Bersa,1
Ceasar,1
Catiso,1
Caleb Hearn,1
CYRIL,1
CRIST99,1
CHPTR.,1
CARSTN,1
GAMPER & DADONI,1
Frédéric Chopin,1
Frau Pauli,1
Fransis Derelle,1
Foreign Figures,1
Fly By Midnight,1
Sara Skinner,1
Samoela,1
Saint Clue,1
SadBois,1
SZA,1
STOMACH BOOK,1
SLUMBERJACK,1
SKIY,1
S4nri0,1
Ruth B.,1
Europa United,1
So Sus,1
Sineself,1
Silva Hound,1
Big Mj,1
Beyoncé,1
Betterment,1
Beren Olivia,1
Marco Van Bassken,1
Madison Beer,1
MUZZ,1
MGD,1
Lumen Atlas,1
Scott Buckley,1
GSPR,1
GRAHAM,1
Starstrum,1
Spicyverse,1
Soprano,1
Sonic Journey,1
Solven,1
Solomon France,1
August Sands,1
Astraye,1
Arcando,1
Anyma,1
Florrie,1
Fido,1
Fewz,1
Felon,1
Fells,1
Falst,1
TARI,1
TALONS,1
Synymata,1
Erik Satie,1
Eric Christian,1
Env,1
Emcee KB,1
Emberwaves,1
Elysar,1
Ed Sheeran,1
Ecchi.mp4,1
Sugar Blizz,1
Suedo,1
Subtact,1
Subfer,1
Stephen Rippy,1
Tim Beeren,1
Therapie TAXI,1
Tears For Fears,1
Tame Impala,1
TWISTED,1
TWINSICK,1
TOKiMONSTA,1
Luisa Marion,1
Lucky Dropout,1
Lucenzo,1
Justin Wellington,1
Julian Gray,1
Jules Walcott,1
Juelz,1
Johnny Chay,1
Jhay Rivas,1
Angrybaby,1
Alok,1
Alle Farben,1
Alien,1
Alexa Lusader,1
Alex Warren,1
Duster,1
Culture Code,1
CrossTheHeart,1
Crazy Frog,1
Complexive,1
Tony Romera,1
Tomatow,1
Tobu,1
Tiësto,1
Tinoma,1
Dire Straits,1
Die Bibel,1
Deon Custom,1
Tritonal,1
Trauzers,1
Loreen,1
LongestSoloEver,1
Leonell Cassio,1
Leon Lour,1
Laylow,1
Latoya Waczee,1
LaLion,1
LXNGVX,1
LAWANII,1
L.A.X,1
Anna Yvette,1
Whales,1
Warriyo,1
Vintage & Morelli,1
Vindata,1
Veres,1
Vance Joy,1
Vampyx,1
Valcos,1
Vaance,1
Two Much!,1
Two Friends,1
Tsu Nami,1
Dr. Yaro,1
Don Toliver,1
Dominic Fike,1
Disco Fries,1
Zerevo,1
Alesso,1
Aiden Archer,1
Abstrakt,1
AVAION,1
1da Banton,1
DJ FKU,1
DANIEL KACHAMBA,1
Xaia,1
Davido,1
Dash Berlin,1
Damiano David,1
Dama of Mahaleo,1
Dalic,1
Dada Life,1
DVRST,1
JT Music,1
JKuch,1
J.Tajor,1
It's Different,1
Irokz,1
Internet Money,1
International Orchestra,1
32Stitches,1
spellcasting,1
silvershore,1
ptasinski,1
nowifi,1
mommygrant,1
bo en,1
adore,1
_chris elrik,1
