artistName,0
Rogue,244
Hallmore,198
Fairlane,194
Conro,192
Dmitri Shostakovich,188
Duumu,173
Lost Sky,154
Haywyre,153
Deanz,150
ellis,148
JJD,146
WRLD,142
Swif7,141
Time To Talk,138
Daxten,137
Mindme,112
Scythermane,110
Johann Sebastian Bach,106
Maazel,101
Arlow,100
Grant,98
Half an Orange,98
BLAEKER,96
Basixx,96
DEXTER KING,96
Kovan,94
Snareskin,85
Tape Machines,84
jung jaeil,82
Tom Wilson,80
NIGHTCAP,76
Koven,66
Glacier,62
STIM,62
Janusz Olejniczak,61
Alder,59
Zanders,59
Anevo,58
Sayfalse,57
Hoaprox,57
Netrum,55
Aeden,55
Cinema Kid,55
Velveteen,53
Axollo,53
Hallman,53
Lensko,52
Disero,50
Unknown Brain,47
JVKE,47
smle,46
Pixel Terror,45
Tails,44
Ray,44
SABAI,43
Abandoned,40
Jex,40
Zerb,40
Craig Reever,39
OVSKY,39
PLEEG,39
Dntless,38
Syn Cole,38
Lvly,38
Asher Postman,38
Trivecta,37
DJ Mayson,35
Heuse,34
Marino,34
PNL,34
Ameryh,33
Stonebank,33
Mitchel Dae,33
Ruger,32
Azertion,32
inverness,32
KATSEYE,30
LOWBORN,30
Killrude,29
David Guetta,29
Auvic,28
soupandreas,28
Afinity,28
Cartoon,27
Siine,27
MitiS,27
Razorspade,27
Katnip,26
Justin OH,26
Rob Gasser,25
Martin Garrix,25
$werve,25
Jmilton,24
Vicetone,24
Audien,24
Vicki Vox,24
Raven & Kreyn,24
Alex Skrindo,23
NF,23
Melly Mike,22
Seven Lions,21
SVRRIC,21
Lil Nas X,21
Joya Marleen,20
The Weeknd,20
Ella Faye,19
Kungs,19
Deaf Kev,18
SLANDER,18
Yesable,18
Raccy,18
HOUSE OF SAY,18
Sam Bruno,16
Facading,16
Terry Zhong,16
Connor Kauffman,16
Jim Yosef,16
Stromae,16
Cleo Kelley,16
CLNGR,15
NAOMI,15
Itro,15
Ephixa,15
Nakama,15
Asketa & Natan Chaim,14
Savoi,14
Tate McRae,14
Diamond Eyes,14
Pure Indigo,13
Reyer,13
Zedd,13
Conditional,13
Squiid,13
Hollywood Principle,13
Notaker,13
Fonzi M,13
Lady Gaga,12
Summer Was Fun,12
Taska Black,12
CG5,12
Bad Computer,12
Ceen,12
Feint,12
FWLR,12
MXZI,12
Distrion,12
Diviners,11
Sick Individuals,11
Keepsake,11
Larza,11
ARTY,11
Jagsy,11
Gilbert Montagné,11
Ella Henderson,11
Tokyo Machine,11
Clarx,11
Gerry Rafferty,11
Insan3lik3,11
LOSTWIND,10
2NATURAL,10
LED Monster,10
William Black,10
Near x Far,10
BUNT.,10
Madeon,10
Eternxlkz,10
RandJess,10
waykap,10
Alex LeMirage,10
Radiohead,9
Britt Lari,9
Velee,9
Kastra,9
Far Out,8
Doechii,8
Pétrole Brut,8
Said The Sky,8
Rootkit,8
Kevin Chung,8
Layto,8
3rd Prototype,8
Jack Shore,8
Vanished,8
John Michael Howell,8
Pérotin,8
Elephante,8
dvine,7
GIMS,7
OBL1VX,7
IZECOLD,7
Henry Moodie,7
Neoni,7
Syence,7
Gotye,7
Aviella,7
EDDIE,7
Seeb,7
Em Beihold,7
Alex G,7
Ruzer,7
Rodsyk,7
Kim Sungsoo,7
sma$her,7
Autumn Kings,7
Wowkie Da,7
LONOWN,7
Olivia Rodrigo,6
Brandyn Burnette,6
Tollef,6
Consolate,6
Guillaume de Machaut,6
Ogryzek,6
Axol,6
BCMP,6
Adam de la Halle,6
LeDorean,6
ISHAN,6
Benson Boone,6
Highlnd,6
Mazare,6
Flame Runner,6
shams,6
kamome sano,6
Scotch,6
3LAU,6
Anonymous,6
Wildcrow,6
ANDROMEDA,6
Kyle Reynolds,6
d4vd,5
Fireboy DML,5
FLOTE,5
DYGO,5
Falling North,5
Flux Vortex,5
Chris Later,5
HHMR,5
Fordo,5
Franz Liszt,5
Djo,5
Bohnes,5
桜島麻衣(CV:瀬戸麻沙美),5
Athena,5
Yb Wasg'ood,5
ALESTI,5
Andrah,5
Love Beans,5
Maleek Berry,5
Julia Carbajal,5
Loving Caliber,5
Lunaar,5
Hartness,5
Midranger,5
Traditional,5
TOKYOSLEEP,5
NUEKI,5
Skybreak,5
BEAUZ,4
Wind Walkers,4
Qeeo,4
ROSÉ,4
DESERT STAR,4
Rad Cat,4
QMIIR,4
spring gang,4
mavo,4
Aizu,4
Alan Walker,4
ehren,4
LVTHER,4
Laback,4
Lena Raine,4
Level 8,4
Yetep,4
James Hype,4
Jeck,4
Aya Nakamura,4
Astra,4
Henry Purcell,4
Tomas Skyldeberg,4
More Plastic,4
Bakar,4
MVSTERIOUS,4
Starjunk 95,4
NCTS,4
Dasha,4
Repsaj,4
Empire Fall,4
Robin Hustin,4
Protostar,4
Frank Zeising,4
The Night,4
H11T,4
Orlande de Lassus,4
Park Minjoo,4
Codeko,4
Coldplay,4
Clément Janequin,4
Part Native,4
Soar,4
Over Easy,4
Bruno Mars,4
Stephen Walking,4
Frank Miami,3
Fourth Co.,3
Aiobahn,3
Kizz Daniel,3
RudyWade,3
Dua Lipa,3
Domenico Scarlatti,3
Duolingo,3
SVDKO,3
SVMP,3
Daydreamer,3
Eric Clapton,3
Alex Hagen,3
d2s1,3
Savoy,3
RAFFFA,3
DEGrande,3
DJ Shahzad,3
Philippe de Vitry,3
Claudio Monteverdi,3
Orbiter,3
George Frideric Handel,3
Claude Goudimel,3
Nick Smith,3
Swedish House Mafia,3
Syd Matters,3
Chico Rose,3
Nick Ledesma,3
Icehunt,3
Throttle,3
Vacancy,3
TryBetter,3
CKay,3
The Waked,3
TOKYOPHILE,3
TRASHXRL,3
Nateki,3
Chrissy Costanza,3
Nu Aspect,3
Marian & Sean,3
INNERVERSE,3
Wande Coal,3
Maryn,3
Jackson Guthy,3
WiDE AWAKE,3
Ava Max,3
MEDZ,3
Léonin,3
Lupus Nocte,3
Victony,3
Vanic,3
Jonth,3
Ascence,3
Anomalie,3
Werenoi,3
LOCKBOX,3
Jungeli,3
K-391,3
just valery,3
ACRAZE,3
-Prey,2
yung kai,2
yetep,2
4URA,2
A7S,2
k?d,2
XXXTENTACION,2
Axell 4X,2
Axel Oliver,2
LIONE,2
Kanine,2
Kadant,2
KRNCHY,2
Justin Timberlake,2
Wejdene,2
BOSKY,2
BONNIE X CLYDE,2
BNXN,2
VaporVice,2
VESK GREEN,2
UB40,2
Bishu,2
Bemax,2
Tut Tut Child,2
Travis Scott,2
Tom Gregory,2
Josh Bogert,2
Johannes Ockeghem,2
Jensation,2
Lost Stars,2
Liv del Estal,2
Linkin Park,2
Limbo,2
Lennart Schroot,2
Tiakola,2
The Chainsmokers,2
Carl Zeer,2
Captainsparklez,2
Brook Xiao,2
TV Girl,2
TOTO,2
Chris James,2
Janji,2
Lø Spirit,2
Lux Holm,2
Luke Muzzic,2
Ludovico Einaudi,2
Caslow,2
Stellar,2
Cooper Hill,2
Coco & Breezy,2
Smaven,2
Slushii,2
Sj,2
Dabin,2
Indila,2
Imagine Dragons,2
Maretu,2
Mao Ze Dong,2
Mahaleo,2
Jason Robert,2
Japhyre,2
DR MØB,2
Sarz,2
David Win,2
Richard Caddock,2
Ember Island,2
Elektronomia,2
EMIN,2
Feenixpawl,2
Free Fall,2
Hero Named Nerd,2
Mo Falk,2
Midas the Jagaban,2
MayTree,2
Foster The People,2
Puppet,2
Primex,2
Pink South,2
Good Kid,2
Gem & Tauri,2
OBLVYN,2
Neon Tide,2
Neo Noir,2
HUNTR/X,2
Naditrice,2
Hoang,2
ilyhiryu,2
elijah,2
Alex Hobson,2
Aero Chord,2
Asake,2
Antonio Vivaldi,2
tofû,2
skyemane,2
melvitto,2
little purr man,2
ATLXS,2
1da Banton,1
AVAION,1
mommygrant,1
ptasinski,1
silvershore,1
spellcasting,1
KeBlack,1
Kehlani,1
Kirby HateBerry,1
Korede Bello,1
Zack Gray,1
Xaia,1
Aye Bay,1
Laylow,1
Latoya Waczee,1
LaLion,1
LXNGVX,1
Kaskade,1
Kadenza,1
KSI,1
KNYY,1
KEPIK,1
Justin Wellington,1
LAWANII,1
Astraye,1
Wild Cards,1
Nelsvn,1
Hanumankind,1
Hans Zimmer,1
Haasy,1
HYLO,1
HYBS,1
H4RRIS,1
Grant Bowtie,1
Naima,1
NURKO,1
NIVIRO,1
NERO,1
NECROLX,1
Mykyl,1
Musical Neurosurgeon,1
Munn,1
GhostDragon,1
Geek Music,1
Ganja White Night,1
Gamma Skies,1
Omah Lay,1
OddKidOut,1
ONY9RMX,1
OLWIK,1
ODESZA,1
Nomra,1
Nomi XD,1
Noisestorm,1
Noelle Johnson,1
Noah Kahan,1
Nil Martorell,1
Nightsirens,1
Internet Money,1
Fransis Derelle,1
Foreign Figures,1
Fly By Midnight,1
Proppa,1
Porter Robinson,1
Pierre de la Rue,1
Pháo,1
Phonk Killer,1
Pheelz,1
Paper Skies,1
Gracie Abrams,1
Gorillaz,1
Gippeul,1
Gigi Perez,1
Gia Margaret,1
Falst,1
Gala,1
GRAHAM,1
GAMPER & DADONI,1
Frau Pauli,1
Here At Last,1
Mord Fustang,1
Misutra,1
Milva,1
Miller + Howell,1
Michael Jackson,1
Melano,1
JKuch,1
J.Tajor,1
It's Different,1
Irokz,1
Robert Schumann,1
Robert Kocinszky,1
Richy Mitch & The Coal Miners,1
Richard Fairlie,1
Rich Edwards,1
Env,1
Emcee KB,1
Ed Sheeran,1
Ecchi.mp4,1
Red Comet,1
Raude,1
ROHY NK,1
Fido,1
Fewz,1
Felon,1
Fells,1
STOMACH BOOK,1
SLUMBERJACK,1
SKIY,1
S4nri0,1
Ruth B.,1
Rossy,1
Rosendale,1
Duster,1
Dr. Yaro,1
Don Toliver,1
Dominic Fike,1
Disturbed,1
Disfigure,1
Roman Nasenmensch,1
Rogers & Dean,1
Robotaki,1
DANIEL KACHAMBA,1
Culture Code,1
Scott Buckley,1
Sara Skinner,1
Samoela,1
Saint Clue,1
SadBois,1
Sabrina Carpenter,1
SZA,1
Disco Fries,1
Dire Straits,1
Die Bibel,1
Deon Custom,1
Davido,1
Dash Berlin,1
Dan Morrissey,1
Sineself,1
Damiano David,1
Dama of Mahaleo,1
Dalic,1
Dada Life,1
International Orchestra,1
ILLIT,1
Max Allais,1
Marshmello,1
Marco Van Bassken,1
Mangoo,1
Jean Sibelius,1
Jay Cosmic,1
Jared Minnix,1
DVRST,1
DJ FKU,1
Catiso,1
Sugar Blizz,1
Subtact,1
Subfer,1
Stephen Rippy,1
Spicyverse,1
Soprano,1
CrossTheHeart,1
Crazy Frog,1
Complexive,1
Sonic Journey,1
Solven,1
Solomon France,1
Solee,1
So Sus,1
Sketchez,1
Cheat Codes,1
Charles-Marie Widor,1
Jamie Nugent,1
Jamie Miller,1
Jakey KRUMM,1
MUZZ,1
MOLIY,1
MGD,1
Luisa Marion,1
Lucky Dropout,1
Lucenzo,1
Julian Gray,1
Jules Walcott,1
Champion,1
Ceis,1
Ceasar,1
Caleb Hearn,1
CYRIL,1
CRIST99,1
CHPTR.,1
CARSTN,1
C418,1
Burna Boy,1
Brichapik & Randjess,1
Tame Impala,1
TWISTED,1
TWINSICK,1
TOKiMONSTA,1
TARI,1
TALONS,1
Synymata,1
Christopher Fitzgerald,1
Tomatow,1
Tobu,1
Juelz,1
Johnny Chay,1
Jhay Rivas,1
Loreen,1
LongestSoloEver,1
Leony,1
Leonell Cassio,1
Leon Lour,1
Tiësto,1
Tinoma,1
Tim Beeren,1
Therapie TAXI,1
The Living Tombstone,1
Tears For Fears,1
Two Much!,1
Two Friends,1
Brennan Wolf,1
Blagoje Bersa,1
Big Mj,1
Beyoncé,1
Betterment,1
Beren Olivia,1
Beboite,1
Batterie Fanfare De La Garde Républicaine,1
Baq5,1
Bankai,1
Tsu Nami,1
Tritonal,1
Trauzers,1
Tony Romera,1
Wiguez,1
Whales,1
Warriyo,1
Voninavoko,1
Vintage & Morelli,1
Vindata,1
BadBoyHalo,1
Babyboy AV,1
BRKLYN,1
BOY,1
BLACKPINK,1
Ayra Starr,1
Veres,1
Vance Joy,1
Vampyx,1
Valcos,1
Koven Wei,1
スイートバレット,1
ÉWN,1
4 Non Blondes,1
APEK,1
AR/CO,1
Anna Yvette,1
Angrybaby,1
Alok,1
Alien,1
Alexa Lusader,1
bo en,1
adore,1
_chris elrik,1
Zerevo,1
Zara Larsson,1
ID,1
Hush,1
HuBee,1
Hikaru Shirosu,1
Heuss L'enfoiré,1
joyful,1
if found,1
h6itam,1
elijah woods,1
dwilly,1
Alex Warren,1
Alesso,1
Abstrakt,1
Arcando,1
Anyma,1
L.A.X,1
